{
  "BTC": {
    "mark_price": 87849.3,
    "ema20": 87691.3286366589,
    "ema50": 87675.83474889402,
    "ema200": 87649.7104408568,
    "rsi14": 59.76237170571382,
    "macd": 56.29219663486583,
    "macd_signal": 35.5105475346186,
    "atr14": 189.19976736247645,
    "volume_24h": 1694178.31,
    "volume_vs_avg": 662.8182411689905,
    "funding_rate": 6.29996710015e-05,
    "open_interest": null,
    "best_bid": 87849.3,
    "best_ask": 87849.4,
    "price_series": [
      87682.9,
      87615.9,
      87688.5,
      87695.0,
      87758.2,
      87764.7,
      87824.9,
      87849.4
    ]
  },
  "ETH": {
    "mark_price": 2943.17,
    "ema20": 2937.4402209722875,
    "ema50": 2936.7422980295705,
    "ema200": 2945.376901409134,
    "rsi14": 56.16525512943815,
    "macd": 2.2176080901613204,
    "macd_signal": 1.828897371576756,
    "atr14": 9.867402832128917,
    "volume_24h": 8690253.18,
    "volume_vs_avg": 79.67837618587986,
    "funding_rate": 2.90637569267e-05,
    "open_interest": null,
    "best_bid": 2943.17,
    "best_ask": 2943.18,
    "price_series": [
      2937.58,
      2934.0,
      2941.51,
      2937.7,
      2938.3,
      2936.44,
      2941.71,
      2943.17
    ]
  },
  "SOL": {
    "mark_price": 124.57,
    "ema20": 123.94106239726489,
    "ema50": 123.45125711939875,
    "ema200": 123.7541061944763,
    "rsi14": 60.44516408509519,
    "macd": 0.3363891742573202,
    "macd_signal": 0.32824385187834093,
    "atr14": 0.5915326408881912,
    "volume_24h": 3629671.92,
    "volume_vs_avg": 10.600293736255098,
    "funding_rate": 0.0001,
    "open_interest": null,
    "best_bid": 124.57,
    "best_ask": 124.58,
    "price_series": [
      124.05,
      123.75,
      124.06,
      124.18,
      124.23,
      124.02,
      124.45,
      124.58
    ]
  }
}